Asset,Pipeline,NaviModelProjDir,CPP_Path,PRISM_Dir,MidDateTime
Bacton,PL23,B:\MSC\_Progs\F272746_Perenco_NearshoreCP\PD272746\4_P_I\MBES\VLK\NMP\Bacton_PL23,"B:\MSC\_Progs\F272746_Perenco_NearshoreCP\PD272746\4_P_I\CP\FW_ Bacton Results Report\Perenco Bacton Nearshore pipelines Raw Data.xlsx",C:\Users\n.forfinski-sarkozi\OneDrive - Fugro\repos\hydro\Perenco\PRISM,2025/07/29 08:00:00
Bacton,PL23_Offshore,B:\MSC\_Progs\F272746_Perenco_NearshoreCP\PD272746\4_P_I\MBES\VLK\NMP\Bacton_PL23_Offshore,"B:\MSC\_Progs\F272746_Perenco_NearshoreCP\PD272746\4_P_I\CP\FW_ Bacton Results Report\Perenco Bacton Nearshore pipelines Raw Data.xlsx",C:\Users\n.forfinski-sarkozi\OneDrive - Fugro\repos\hydro\Perenco\PRISM,2025/07/29 14:00:00
Bacton,PL24,B:\MSC\_Progs\F272746_Perenco_NearshoreCP\PD272746\4_P_I\MBES\VLK\NMP\Bacton_PL24,"B:\MSC\_Progs\F272746_Perenco_NearshoreCP\PD272746\4_P_I\CP\FW_ Bacton Results Report\Perenco Bacton Nearshore pipelines Raw Data.xlsx",C:\Users\n.forfinski-sarkozi\OneDrive - Fugro\repos\hydro\Perenco\PRISM,2025/07/29 08:00:00
Bacton,PL24_Offshore,B:\MSC\_Progs\F272746_Perenco_NearshoreCP\PD272746\4_P_I\MBES\VLK\NMP\Bacton_PL24_Offshore,"B:\MSC\_Progs\F272746_Perenco_NearshoreCP\PD272746\4_P_I\CP\FW_ Bacton Results Report\Perenco Bacton Nearshore pipelines Raw Data.xlsx",C:\Users\n.forfinski-sarkozi\OneDrive - Fugro\repos\hydro\Perenco\PRISM,2025/08/09 08:00:00
Bacton,PL253,B:\MSC\_Progs\F272746_Perenco_NearshoreCP\PD272746\4_P_I\MBES\VLK\NMP\Bacton_PL253,"B:\MSC\_Progs\F272746_Perenco_NearshoreCP\PD272746\4_P_I\CP\FW_ Bacton Results Report\Perenco Bacton Nearshore pipelines Raw Data.xlsx",C:\Users\n.forfinski-sarkozi\OneDrive - Fugro\repos\hydro\Perenco\PRISM,2025/07/29 09:00:00
Bacton,PL876,B:\MSC\_Progs\F272746_Perenco_NearshoreCP\PD272746\4_P_I\MBES\VLK\NMP\Bacton_PL876,"B:\MSC\_Progs\F272746_Perenco_NearshoreCP\PD272746\4_P_I\CP\FW_ Bacton Results Report\Perenco Bacton Nearshore pipelines Raw Data.xlsx",C:\Users\n.forfinski-sarkozi\OneDrive - Fugro\repos\hydro\Perenco\PRISM,2025/07/29 10:00:00
Dimlington,PL145,B:\MSC\_Progs\F272746_Perenco_NearshoreCP\PD272746\4_P_I\MBES\VLK\NMP\Dimlington_PL145,B:\MSC\_Progs\F272746_Perenco_NearshoreCP\PD272746\4_P_I\CP\FW_ Dimlington Survey Report\Dimlington Nearshore pipelines Raw Data.xlsx,C:\Users\n.forfinski-sarkozi\OneDrive - Fugro\repos\hydro\Perenco\PRISM,2025/07/26 10:00:00
Dimlington,PL28,B:\MSC\_Progs\F272746_Perenco_NearshoreCP\PD272746\4_P_I\MBES\VLK\NMP\Dimlington_PL28,B:\MSC\_Progs\F272746_Perenco_NearshoreCP\PD272746\4_P_I\CP\FW_ Dimlington Survey Report\Dimlington Nearshore pipelines Raw Data.xlsx,C:\Users\n.forfinski-sarkozi\OneDrive - Fugro\repos\hydro\Perenco\PRISM,2025/07/26 08:00:00
Dimlington,PL447,B:\MSC\_Progs\F272746_Perenco_NearshoreCP\PD272746\4_P_I\MBES\VLK\NMP\Dimlington_PL447,B:\MSC\_Progs\F272746_Perenco_NearshoreCP\PD272746\4_P_I\CP\FW_ Dimlington Survey Report\Dimlington Nearshore pipelines Raw Data.xlsx,C:\Users\n.forfinski-sarkozi\OneDrive - Fugro\repos\hydro\Perenco\PRISM,2025/07/26 08:00:00
Dimlington,PL649,B:\MSC\_Progs\F272746_Perenco_NearshoreCP\PD272746\4_P_I\MBES\VLK\NMP\Dimlington_PL649,B:\MSC\_Progs\F272746_Perenco_NearshoreCP\PD272746\4_P_I\CP\FW_ Dimlington Survey Report\Dimlington Nearshore pipelines Raw Data.xlsx,C:\Users\n.forfinski-sarkozi\OneDrive - Fugro\repos\hydro\Perenco\PRISM,2025/07/26 19:00:00


